<annotations><filename>00009FPN_TR2EV.png</filename><folder>audio</folder><size><width>1000</width><height>800</height></size><object><name>Cow</name><pose>Unspecified</pose><truncated>0</truncated><difficult>0</difficult><bndbox><xmin>179</xmin><ymin>0</ymin><xmax>279</xmax><ymax>800</ymax></bndbox></object><object><name>Bull</name><pose>Unspecified</pose><truncated>0</truncated><difficult>0</difficult><bndbox><xmin>439</xmin><ymin>0</ymin><xmax>505</xmax><ymax>800</ymax></bndbox></object></annotations>