<annotations><filename>00015FPN_TR2EV.png</filename><folder>audio</folder><size><width>1000</width><height>800</height></size><object><name>Bull</name><pose>Unspecified</pose><truncated>0</truncated><difficult>0</difficult><bndbox><xmin>292</xmin><ymin>0</ymin><xmax>349</xmax><ymax>800</ymax></bndbox></object><object><name>Calf</name><pose>Unspecified</pose><truncated>0</truncated><difficult>0</difficult><bndbox><xmin>451</xmin><ymin>0</ymin><xmax>597</xmax><ymax>800</ymax></bndbox></object></annotations>