<annotations><filename>00044FPN_TR2EV.png</filename><folder>audio</folder><size><width>1000</width><height>800</height></size><object><name>Calf</name><pose>Unspecified</pose><truncated>0</truncated><difficult>0</difficult><bndbox><xmin>151</xmin><ymin>0</ymin><xmax>212</xmax><ymax>800</ymax></bndbox></object><object><name>Calf</name><pose>Unspecified</pose><truncated>0</truncated><difficult>0</difficult><bndbox><xmin>441</xmin><ymin>0</ymin><xmax>604</xmax><ymax>800</ymax></bndbox></object></annotations>