<annotations><filename>00054FPN_TR2EV.png</filename><folder>audio</folder><size><width>1000</width><height>800</height></size><object><name>Cow</name><pose>Unspecified</pose><truncated>0</truncated><difficult>0</difficult><bndbox><xmin>153</xmin><ymin>0</ymin><xmax>218</xmax><ymax>800</ymax></bndbox></object><object><name>Calf</name><pose>Unspecified</pose><truncated>0</truncated><difficult>0</difficult><bndbox><xmin>530</xmin><ymin>0</ymin><xmax>626</xmax><ymax>800</ymax></bndbox></object></annotations>