<annotations><filename>00068FPN_TR2EV.png</filename><folder>audio</folder><size><width>1000</width><height>800</height></size><object><name>Mix</name><pose>Unspecified</pose><truncated>0</truncated><difficult>0</difficult><bndbox><xmin>181</xmin><ymin>0</ymin><xmax>300</xmax><ymax>800</ymax></bndbox></object><object><name>Calf</name><pose>Unspecified</pose><truncated>0</truncated><difficult>0</difficult><bndbox><xmin>436</xmin><ymin>0</ymin><xmax>552</xmax><ymax>800</ymax></bndbox></object></annotations>