<annotations><filename>00003_2ET.png</filename><folder>audio</folder><size><width>1000</width><height>800</height></size><object><name>gun_shot</name><pose>Unspecified</pose><truncated>0</truncated><difficult>0</difficult><bndbox><xmin>125</xmin><ymin>0</ymin><xmax>281</xmax><ymax>800</ymax></bndbox></object><object><name>gun_shot</name><pose>Unspecified</pose><truncated>0</truncated><difficult>0</difficult><bndbox><xmin>581</xmin><ymin>0</ymin><xmax>790</xmax><ymax>800</ymax></bndbox></object></annotations>