<annotations><filename>00008_2ET.png</filename><folder>audio</folder><size><width>1000</width><height>800</height></size><object><name>gun_shot</name><pose>Unspecified</pose><truncated>0</truncated><difficult>0</difficult><bndbox><xmin>141</xmin><ymin>0</ymin><xmax>185</xmax><ymax>800</ymax></bndbox></object><object><name>dog_bark</name><pose>Unspecified</pose><truncated>0</truncated><difficult>0</difficult><bndbox><xmin>587</xmin><ymin>0</ymin><xmax>987</xmax><ymax>800</ymax></bndbox></object></annotations>