<annotations><filename>00012_2ET.png</filename><folder>audio</folder><size><width>1000</width><height>800</height></size><object><name>gun_shot</name><pose>Unspecified</pose><truncated>0</truncated><difficult>0</difficult><bndbox><xmin>104</xmin><ymin>0</ymin><xmax>218</xmax><ymax>800</ymax></bndbox></object><object><name>car_horn</name><pose>Unspecified</pose><truncated>0</truncated><difficult>0</difficult><bndbox><xmin>554</xmin><ymin>0</ymin><xmax>807</xmax><ymax>800</ymax></bndbox></object></annotations>