<annotations><filename>00018_2ET.png</filename><folder>audio</folder><size><width>1000</width><height>800</height></size><object><name>car_horn</name><pose>Unspecified</pose><truncated>0</truncated><difficult>0</difficult><bndbox><xmin>103</xmin><ymin>0</ymin><xmax>503</xmax><ymax>800</ymax></bndbox></object><object><name>jackhammer</name><pose>Unspecified</pose><truncated>0</truncated><difficult>0</difficult><bndbox><xmin>568</xmin><ymin>0</ymin><xmax>968</xmax><ymax>800</ymax></bndbox></object></annotations>