<annotations><filename>00024_2ET.png</filename><folder>audio</folder><size><width>1000</width><height>800</height></size><object><name>jackhammer</name><pose>Unspecified</pose><truncated>0</truncated><difficult>0</difficult><bndbox><xmin>119</xmin><ymin>0</ymin><xmax>519</xmax><ymax>800</ymax></bndbox></object><object><name>car_horn</name><pose>Unspecified</pose><truncated>0</truncated><difficult>0</difficult><bndbox><xmin>563</xmin><ymin>0</ymin><xmax>963</xmax><ymax>800</ymax></bndbox></object></annotations>