<annotations><filename>00028_2ET.png</filename><folder>audio</folder><size><width>1000</width><height>800</height></size><object><name>dog_bark</name><pose>Unspecified</pose><truncated>0</truncated><difficult>0</difficult><bndbox><xmin>115</xmin><ymin>0</ymin><xmax>515</xmax><ymax>800</ymax></bndbox></object><object><name>siren</name><pose>Unspecified</pose><truncated>0</truncated><difficult>0</difficult><bndbox><xmin>596</xmin><ymin>0</ymin><xmax>996</xmax><ymax>800</ymax></bndbox></object></annotations>