<annotations><filename>00038_2ET.png</filename><folder>audio</folder><size><width>1000</width><height>800</height></size><object><name>siren</name><pose>Unspecified</pose><truncated>0</truncated><difficult>0</difficult><bndbox><xmin>129</xmin><ymin>0</ymin><xmax>529</xmax><ymax>800</ymax></bndbox></object><object><name>siren</name><pose>Unspecified</pose><truncated>0</truncated><difficult>0</difficult><bndbox><xmin>592</xmin><ymin>0</ymin><xmax>992</xmax><ymax>800</ymax></bndbox></object></annotations>