<annotations><filename>00033_2ET.png</filename><folder>audio</folder><size><width>1000</width><height>800</height></size><object><name>dog_bark</name><pose>Unspecified</pose><truncated>0</truncated><difficult>0</difficult><bndbox><xmin>123</xmin><ymin>0</ymin><xmax>523</xmax><ymax>800</ymax></bndbox></object><object><name>jackhammer</name><pose>Unspecified</pose><truncated>0</truncated><difficult>0</difficult><bndbox><xmin>567</xmin><ymin>0</ymin><xmax>940</xmax><ymax>800</ymax></bndbox></object></annotations>