<annotations><filename>00036_2ET.png</filename><folder>audio</folder><size><width>1000</width><height>800</height></size><object><name>jackhammer</name><pose>Unspecified</pose><truncated>0</truncated><difficult>0</difficult><bndbox><xmin>139</xmin><ymin>0</ymin><xmax>539</xmax><ymax>800</ymax></bndbox></object><object><name>dog_bark</name><pose>Unspecified</pose><truncated>0</truncated><difficult>0</difficult><bndbox><xmin>554</xmin><ymin>0</ymin><xmax>954</xmax><ymax>800</ymax></bndbox></object></annotations>