<annotations><filename>00037_2ET.png</filename><folder>audio</folder><size><width>1000</width><height>800</height></size><object><name>siren</name><pose>Unspecified</pose><truncated>0</truncated><difficult>0</difficult><bndbox><xmin>125</xmin><ymin>0</ymin><xmax>525</xmax><ymax>800</ymax></bndbox></object><object><name>car_horn</name><pose>Unspecified</pose><truncated>0</truncated><difficult>0</difficult><bndbox><xmin>566</xmin><ymin>0</ymin><xmax>966</xmax><ymax>800</ymax></bndbox></object></annotations>