<annotations><filename>00049_2ET.png</filename><folder>audio</folder><size><width>1000</width><height>800</height></size><object><name>gun_shot</name><pose>Unspecified</pose><truncated>0</truncated><difficult>0</difficult><bndbox><xmin>101</xmin><ymin>0</ymin><xmax>334</xmax><ymax>800</ymax></bndbox></object><object><name>dog_bark</name><pose>Unspecified</pose><truncated>0</truncated><difficult>0</difficult><bndbox><xmin>562</xmin><ymin>0</ymin><xmax>962</xmax><ymax>800</ymax></bndbox></object></annotations>