<annotations><filename>00050_2ET.png</filename><folder>audio</folder><size><width>1000</width><height>800</height></size><object><name>siren</name><pose>Unspecified</pose><truncated>0</truncated><difficult>0</difficult><bndbox><xmin>121</xmin><ymin>0</ymin><xmax>521</xmax><ymax>800</ymax></bndbox></object><object><name>dog_bark</name><pose>Unspecified</pose><truncated>0</truncated><difficult>0</difficult><bndbox><xmin>581</xmin><ymin>0</ymin><xmax>981</xmax><ymax>800</ymax></bndbox></object></annotations>