<annotations><filename>00058_2ET.png</filename><folder>audio</folder><size><width>1000</width><height>800</height></size><object><name>siren</name><pose>Unspecified</pose><truncated>0</truncated><difficult>0</difficult><bndbox><xmin>133</xmin><ymin>0</ymin><xmax>533</xmax><ymax>800</ymax></bndbox></object><object><name>jackhammer</name><pose>Unspecified</pose><truncated>0</truncated><difficult>0</difficult><bndbox><xmin>580</xmin><ymin>0</ymin><xmax>980</xmax><ymax>800</ymax></bndbox></object></annotations>