<annotations><filename>00057_2ET.png</filename><folder>audio</folder><size><width>1000</width><height>800</height></size><object><name>dog_bark</name><pose>Unspecified</pose><truncated>0</truncated><difficult>0</difficult><bndbox><xmin>138</xmin><ymin>0</ymin><xmax>180</xmax><ymax>800</ymax></bndbox></object><object><name>car_horn</name><pose>Unspecified</pose><truncated>0</truncated><difficult>0</difficult><bndbox><xmin>561</xmin><ymin>0</ymin><xmax>961</xmax><ymax>800</ymax></bndbox></object></annotations>