<annotations><filename>00051_2ET.png</filename><folder>audio</folder><size><width>1000</width><height>800</height></size><object><name>gun_shot</name><pose>Unspecified</pose><truncated>0</truncated><difficult>0</difficult><bndbox><xmin>143</xmin><ymin>0</ymin><xmax>205</xmax><ymax>800</ymax></bndbox></object><object><name>dog_bark</name><pose>Unspecified</pose><truncated>0</truncated><difficult>0</difficult><bndbox><xmin>599</xmin><ymin>0</ymin><xmax>700</xmax><ymax>800</ymax></bndbox></object></annotations>