<annotations><filename>00068_2ET.png</filename><folder>audio</folder><size><width>1000</width><height>800</height></size><object><name>jackhammer</name><pose>Unspecified</pose><truncated>0</truncated><difficult>0</difficult><bndbox><xmin>120</xmin><ymin>0</ymin><xmax>520</xmax><ymax>800</ymax></bndbox></object><object><name>siren</name><pose>Unspecified</pose><truncated>0</truncated><difficult>0</difficult><bndbox><xmin>590</xmin><ymin>0</ymin><xmax>990</xmax><ymax>800</ymax></bndbox></object></annotations>