<annotations><filename>00061_2ET.png</filename><folder>audio</folder><size><width>1000</width><height>800</height></size><object><name>jackhammer</name><pose>Unspecified</pose><truncated>0</truncated><difficult>0</difficult><bndbox><xmin>144</xmin><ymin>0</ymin><xmax>544</xmax><ymax>800</ymax></bndbox></object><object><name>car_horn</name><pose>Unspecified</pose><truncated>0</truncated><difficult>0</difficult><bndbox><xmin>576</xmin><ymin>0</ymin><xmax>976</xmax><ymax>800</ymax></bndbox></object></annotations>