<annotations><filename>00078_2ET.png</filename><folder>audio</folder><size><width>1000</width><height>800</height></size><object><name>dog_bark</name><pose>Unspecified</pose><truncated>0</truncated><difficult>0</difficult><bndbox><xmin>105</xmin><ymin>0</ymin><xmax>505</xmax><ymax>800</ymax></bndbox></object><object><name>gun_shot</name><pose>Unspecified</pose><truncated>0</truncated><difficult>0</difficult><bndbox><xmin>577</xmin><ymin>0</ymin><xmax>627</xmax><ymax>800</ymax></bndbox></object></annotations>