<annotations><filename>00080_2ET.png</filename><folder>audio</folder><size><width>1000</width><height>800</height></size><object><name>car_horn</name><pose>Unspecified</pose><truncated>0</truncated><difficult>0</difficult><bndbox><xmin>133</xmin><ymin>0</ymin><xmax>533</xmax><ymax>800</ymax></bndbox></object><object><name>dog_bark</name><pose>Unspecified</pose><truncated>0</truncated><difficult>0</difficult><bndbox><xmin>563</xmin><ymin>0</ymin><xmax>963</xmax><ymax>800</ymax></bndbox></object></annotations>