<annotations><filename>00083_2ET.png</filename><folder>audio</folder><size><width>1000</width><height>800</height></size><object><name>car_horn</name><pose>Unspecified</pose><truncated>0</truncated><difficult>0</difficult><bndbox><xmin>102</xmin><ymin>0</ymin><xmax>246</xmax><ymax>800</ymax></bndbox></object><object><name>jackhammer</name><pose>Unspecified</pose><truncated>0</truncated><difficult>0</difficult><bndbox><xmin>551</xmin><ymin>0</ymin><xmax>929</xmax><ymax>800</ymax></bndbox></object></annotations>