<annotations><filename>00096_2ET.png</filename><folder>audio</folder><size><width>1000</width><height>800</height></size><object><name>dog_bark</name><pose>Unspecified</pose><truncated>0</truncated><difficult>0</difficult><bndbox><xmin>106</xmin><ymin>0</ymin><xmax>506</xmax><ymax>800</ymax></bndbox></object><object><name>car_horn</name><pose>Unspecified</pose><truncated>0</truncated><difficult>0</difficult><bndbox><xmin>584</xmin><ymin>0</ymin><xmax>984</xmax><ymax>800</ymax></bndbox></object></annotations>