<annotations><filename>00099_2ET.png</filename><folder>audio</folder><size><width>1000</width><height>800</height></size><object><name>gun_shot</name><pose>Unspecified</pose><truncated>0</truncated><difficult>0</difficult><bndbox><xmin>115</xmin><ymin>0</ymin><xmax>302</xmax><ymax>800</ymax></bndbox></object><object><name>siren</name><pose>Unspecified</pose><truncated>0</truncated><difficult>0</difficult><bndbox><xmin>572</xmin><ymin>0</ymin><xmax>972</xmax><ymax>800</ymax></bndbox></object></annotations>