<annotations><filename>00030FPN_TR3EV.png</filename><folder>audio</folder><size><width>1000</width><height>800</height></size><object><name>Calf</name><pose>Unspecified</pose><truncated>0</truncated><difficult>0</difficult><bndbox><xmin>35</xmin><ymin>0</ymin><xmax>215</xmax><ymax>800</ymax></bndbox></object><object><name>Calf</name><pose>Unspecified</pose><truncated>0</truncated><difficult>0</difficult><bndbox><xmin>336</xmin><ymin>0</ymin><xmax>478</xmax><ymax>800</ymax></bndbox></object><object><name>Bull</name><pose>Unspecified</pose><truncated>0</truncated><difficult>0</difficult><bndbox><xmin>468</xmin><ymin>0</ymin><xmax>592</xmax><ymax>800</ymax></bndbox></object></annotations>