<annotations><filename>00033FPN_TR3EV.png</filename><folder>audio</folder><size><width>1000</width><height>800</height></size><object><name>Cow</name><pose>Unspecified</pose><truncated>0</truncated><difficult>0</difficult><bndbox><xmin>52</xmin><ymin>0</ymin><xmax>250</xmax><ymax>800</ymax></bndbox></object><object><name>Cow</name><pose>Unspecified</pose><truncated>0</truncated><difficult>0</difficult><bndbox><xmin>311</xmin><ymin>0</ymin><xmax>391</xmax><ymax>800</ymax></bndbox></object><object><name>Calf</name><pose>Unspecified</pose><truncated>0</truncated><difficult>0</difficult><bndbox><xmin>497</xmin><ymin>0</ymin><xmax>561</xmax><ymax>800</ymax></bndbox></object></annotations>