<annotations><filename>00057FPN_TR3EV.png</filename><folder>audio</folder><size><width>1000</width><height>800</height></size><object><name>Bull</name><pose>Unspecified</pose><truncated>0</truncated><difficult>0</difficult><bndbox><xmin>59</xmin><ymin>0</ymin><xmax>136</xmax><ymax>800</ymax></bndbox></object><object><name>Mix</name><pose>Unspecified</pose><truncated>0</truncated><difficult>0</difficult><bndbox><xmin>302</xmin><ymin>0</ymin><xmax>471</xmax><ymax>800</ymax></bndbox></object><object><name>Bull</name><pose>Unspecified</pose><truncated>0</truncated><difficult>0</difficult><bndbox><xmin>496</xmin><ymin>0</ymin><xmax>697</xmax><ymax>800</ymax></bndbox></object></annotations>