<annotations><filename>00064FPN_TR3EV.png</filename><folder>audio</folder><size><width>1000</width><height>800</height></size><object><name>Cow</name><pose>Unspecified</pose><truncated>0</truncated><difficult>0</difficult><bndbox><xmin>76</xmin><ymin>0</ymin><xmax>216</xmax><ymax>800</ymax></bndbox></object><object><name>Cow</name><pose>Unspecified</pose><truncated>0</truncated><difficult>0</difficult><bndbox><xmin>259</xmin><ymin>0</ymin><xmax>330</xmax><ymax>800</ymax></bndbox></object><object><name>Bull</name><pose>Unspecified</pose><truncated>0</truncated><difficult>0</difficult><bndbox><xmin>533</xmin><ymin>0</ymin><xmax>716</xmax><ymax>800</ymax></bndbox></object></annotations>