<annotations><filename>00066FPN_TR3EV.png</filename><folder>audio</folder><size><width>1000</width><height>800</height></size><object><name>Mix</name><pose>Unspecified</pose><truncated>0</truncated><difficult>0</difficult><bndbox><xmin>50</xmin><ymin>0</ymin><xmax>236</xmax><ymax>800</ymax></bndbox></object><object><name>Mix</name><pose>Unspecified</pose><truncated>0</truncated><difficult>0</difficult><bndbox><xmin>260</xmin><ymin>0</ymin><xmax>456</xmax><ymax>800</ymax></bndbox></object><object><name>Mix</name><pose>Unspecified</pose><truncated>0</truncated><difficult>0</difficult><bndbox><xmin>543</xmin><ymin>0</ymin><xmax>712</xmax><ymax>800</ymax></bndbox></object></annotations>