<annotations><filename>00062FPN_TR3EV.png</filename><folder>audio</folder><size><width>1000</width><height>800</height></size><object><name>Mix</name><pose>Unspecified</pose><truncated>0</truncated><difficult>0</difficult><bndbox><xmin>24</xmin><ymin>0</ymin><xmax>175</xmax><ymax>800</ymax></bndbox></object><object><name>Bull</name><pose>Unspecified</pose><truncated>0</truncated><difficult>0</difficult><bndbox><xmin>303</xmin><ymin>0</ymin><xmax>423</xmax><ymax>800</ymax></bndbox></object><object><name>Bull</name><pose>Unspecified</pose><truncated>0</truncated><difficult>0</difficult><bndbox><xmin>477</xmin><ymin>0</ymin><xmax>583</xmax><ymax>800</ymax></bndbox></object></annotations>