<annotations><filename>00088FPN_TR3EV.png</filename><folder>audio</folder><size><width>1000</width><height>800</height></size><object><name>Bull</name><pose>Unspecified</pose><truncated>0</truncated><difficult>0</difficult><bndbox><xmin>37</xmin><ymin>0</ymin><xmax>192</xmax><ymax>800</ymax></bndbox></object><object><name>Mix</name><pose>Unspecified</pose><truncated>0</truncated><difficult>0</difficult><bndbox><xmin>259</xmin><ymin>0</ymin><xmax>417</xmax><ymax>800</ymax></bndbox></object><object><name>Cow</name><pose>Unspecified</pose><truncated>0</truncated><difficult>0</difficult><bndbox><xmin>489</xmin><ymin>0</ymin><xmax>649</xmax><ymax>800</ymax></bndbox></object></annotations>