<annotations><filename>00090FPN_TR3EV.png</filename><folder>audio</folder><size><width>1000</width><height>800</height></size><object><name>Cow</name><pose>Unspecified</pose><truncated>0</truncated><difficult>0</difficult><bndbox><xmin>102</xmin><ymin>0</ymin><xmax>196</xmax><ymax>800</ymax></bndbox></object><object><name>Mix</name><pose>Unspecified</pose><truncated>0</truncated><difficult>0</difficult><bndbox><xmin>276</xmin><ymin>0</ymin><xmax>359</xmax><ymax>800</ymax></bndbox></object><object><name>Cow</name><pose>Unspecified</pose><truncated>0</truncated><difficult>0</difficult><bndbox><xmin>543</xmin><ymin>0</ymin><xmax>647</xmax><ymax>800</ymax></bndbox></object></annotations>